INSERT INTO STUDENT VALUES ('1MV17IS020','AKSHAY','BELAGAVI', 8877881122,'M');
INSERT INTO STUDENT VALUES ('1MV17IS062','SANDHYA','BENGALURU', 7722829912,'F');
INSERT INTO STUDENT VALUES ('1MV17IS091','TEESHA','BENGALURU', 7712312312,'F');
INSERT INTO STUDENT VALUES ('1MV17IS066','SUPRIYA','MANGALURU',8877881122,'F');
INSERT INTO STUDENT VALUES ('1MV18IS010','ABHAY','BENGALURU', 9900211201,'M');
INSERT INTO STUDENT VALUES ('1MV18IS032','BHASKAR','BENGALURU', 9923211099,'M');
INSERT INTO STUDENT VALUES ('1MV18IS025','ASMI','BENGALURU', 7894737377,'F');
INSERT INTO STUDENT VALUES ('1MV19IS011','AJAY','TUMKUR', 9845091341,'M');
INSERT INTO STUDENT VALUES ('1MV19IS029','CHITRA','DAVANGERE', 7696772121,'F');
INSERT INTO STUDENT VALUES ('1MV19IS045','JEEVA','BELLARY', 9944850121,'M');
INSERT INTO STUDENT VALUES ('1MV19IS091','SANTOSH','MANGALURU', 8812332201,'M');
INSERT INTO STUDENT VALUES ('1MV20IS045','ISMAIL','KALBURGI', 9900232201,'M');
INSERT INTO STUDENT VALUES ('1MV20IS088','SAMEERA','SHIMOGA', 9905542212,'F');
INSERT INTO STUDENT VALUES ('1MV20IS122','VINAYAKA','CHIKAMAGALUR', 8800880011,'M');

INSERT INTO SEMSEC VALUES ('CSE8A', 8,'A');
INSERT INTO SEMSEC VALUES ('CSE8B', 8,'B');
INSERT INTO SEMSEC VALUES ('CSE8C', 8,'C');
INSERT INTO SEMSEC VALUES ('CSE7A', 7,'A');
INSERT INTO SEMSEC VALUES ('CSE7B', 7,'B');
INSERT INTO SEMSEC VALUES ('CSE7C', 7,'C');
INSERT INTO SEMSEC VALUES ('CSE6A', 6,'A');
INSERT INTO SEMSEC VALUES ('CSE6B', 6,'B');
INSERT INTO SEMSEC VALUES ('CSE6C', 6,'C');
INSERT INTO SEMSEC VALUES ('CSE5A', 5,'A');
INSERT INTO SEMSEC VALUES ('CSE5B', 5,'B');
INSERT INTO SEMSEC VALUES ('CSE5C', 5,'C');
INSERT INTO SEMSEC VALUES ('CSE4A', 4,'A');
INSERT INTO SEMSEC VALUES ('CSE4B', 4,'B');
INSERT INTO SEMSEC VALUES ('CSE4C', 4,'C');
INSERT INTO SEMSEC VALUES ('CSE3A', 3,'A');
INSERT INTO SEMSEC VALUES ('CSE3B', 3,'B');
INSERT INTO SEMSEC VALUES ('CSE3C', 3,'C');
INSERT INTO SEMSEC VALUES ('CSE2A', 2,'A');
INSERT INTO SEMSEC VALUES ('CSE2B', 2,'B');
INSERT INTO SEMSEC VALUES ('CSE2C', 2,'C');
INSERT INTO SEMSEC VALUES ('CSE1A', 1,'A');
INSERT INTO SEMSEC VALUES ('CSE1B', 1,'B');
INSERT INTO SEMSEC VALUES ('CSE1C', 1,'C');

INSERT INTO CLASS VALUES ('1MV17IS020','CSE8A');
INSERT INTO CLASS VALUES ('1MV17IS062','CSE8A');
INSERT INTO CLASS VALUES ('1MV17IS066','CSE8B');
INSERT INTO CLASS VALUES ('1MV17IS091','CSE8C');
INSERT INTO CLASS VALUES ('1MV18IS010','CSE7A');
INSERT INTO CLASS VALUES ('1MV18IS025','CSE7A');
INSERT INTO CLASS VALUES ('1MV18IS032','CSE7A');
INSERT INTO CLASS VALUES ('1MV19IS011','CSE4A');
INSERT INTO CLASS VALUES ('1MV19IS029','CSE4A');
INSERT INTO CLASS VALUES ('1MV19IS045','CSE4B');
INSERT INTO CLASS VALUES ('1MV19IS091','CSE4C');
INSERT INTO CLASS VALUES ('1MV20IS045','CSE3A');
INSERT INTO CLASS VALUES ('1MV20IS088','CSE3B');
INSERT INTO CLASS VALUES ('1MV20IS122','CSE3C');

INSERT INTO SUBJECT VALUES ('17CS81','ACA', 8, 4);
INSERT INTO SUBJECT VALUES ('17CS82','SSM', 8, 4);
INSERT INTO SUBJECT VALUES ('17CS83','NM', 8, 4);
INSERT INTO SUBJECT VALUES ('17CS84','CC', 8, 4);
INSERT INTO SUBJECT VALUES ('17CS85','PW', 8, 4);
INSERT INTO SUBJECT VALUES ('17CS71','OOAD', 7, 4);
INSERT INTO SUBJECT VALUES ('17CS72','ECS', 7, 4);
INSERT INTO SUBJECT VALUES ('17CS73','PTW', 7, 4);
INSERT INTO SUBJECT VALUES ('17CS74','DWDM', 7, 4);
INSERT INTO SUBJECT VALUES ('17CS75','JAVA', 7, 4);
INSERT INTO SUBJECT VALUES ('17CS76','SAN', 7, 4);
INSERT INTO SUBJECT VALUES ('18CS51', 'ME', 5, 4);
INSERT INTO SUBJECT VALUES ('18CS52','CN', 5, 4);
INSERT INTO SUBJECT VALUES ('18CS53','DBMS', 5, 4);
INSERT INTO SUBJECT VALUES ('18CS54','ATC', 5, 4);
INSERT INTO SUBJECT VALUES ('18CS55','JAVA', 5, 3);
INSERT INTO SUBJECT VALUES ('18CS56','AI', 5, 3);
INSERT INTO SUBJECT VALUES ('18CS41','M4', 4, 4);
INSERT INTO SUBJECT VALUES ('18CS42','SE', 4, 4);
INSERT INTO SUBJECT VALUES ('18CS43','DAA', 4, 4);
INSERT INTO SUBJECT VALUES ('18CS44','MPMC', 4, 4);
INSERT INTO SUBJECT VALUES ('18CS45','OOC', 4, 3);
INSERT INTO SUBJECT VALUES ('18CS46','DC', 4, 3);
INSERT INTO SUBJECT VALUES ('18CS31','M3', 3, 4);
INSERT INTO SUBJECT VALUES ('18CS32','ADE', 3, 4);
INSERT INTO SUBJECT VALUES ('18CS33','DSA', 3, 4);
INSERT INTO SUBJECT VALUES ('18CS34','CO', 3, 4);
INSERT INTO SUBJECT VALUES ('18CS35','USP', 3, 3);
INSERT INTO SUBJECT VALUES ('18CS36','DMS', 3, 3);

INSERT INTO IAMARKS (USN, SUBCODE, SSID, TEST1, TEST2, TEST3) VALUES('1MV17IS091','17CS81','CSE8C', 15, 16, 18);
INSERT INTO IAMARKS (USN, SUBCODE, SSID, TEST1, TEST2, TEST3) VALUES('1MV17IS091','17CS82','CSE8C', 12, 19, 14);
INSERT INTO IAMARKS (USN, SUBCODE, SSID, TEST1, TEST2, TEST3) VALUES('1MV17IS091','17CS83','CSE8C', 19, 15, 20);
INSERT INTO IAMARKS (USN, SUBCODE, SSID, TEST1, TEST2, TEST3) VALUES('1MV17IS091','17CS84','CSE8C', 20, 16, 19);
INSERT INTO IAMARKS (USN, SUBCODE, SSID, TEST1, TEST2, TEST3) VALUES('1MV17IS091','17CS85','CSE8C', 15, 15, 12);
